1,category_1
2,category_2
3,category_3
4,category_4
5,category_5
6,category_6
7,category_7
8,category_8
9,category_9
10,category_10
11,category_11
12,category_12
13,category_13
14,category_14
15,category_15
16,category_16
17,category_17
18,category_18
19,category_19
20,category_20
21,category_21
22,category_22
23,category_23
24,category_24
25,category_25
26,category_26
27,category_27
28,category_28
29,category_29
30,category_30
31,category_31
32,category_32
33,category_33
34,category_34
35,category_35
36,category_36
37,category_37
38,category_38
39,category_39
40,category_40
41,category_41
42,category_42
43,category_43
44,category_44
45,category_45
46,category_46
47,category_47
48,category_48
49,category_49
50,category_50
51,category_51
52,category_52
53,category_53
54,category_54
55,category_55
56,category_56
57,category_57
58,category_58
59,category_59
60,category_60
61,category_61
62,category_62
63,category_63
64,category_64
65,category_65
66,category_66
67,category_67
68,category_68
69,category_69
70,category_70
71,category_71
72,category_72
73,category_73
74,category_74
75,category_75
76,category_76
77,category_77
78,category_78
79,category_79
80,category_80
81,category_81
82,category_82
83,category_83
84,category_84
85,category_85
86,category_86
87,category_87
88,category_88
89,category_89
90,category_90
91,category_91
92,category_92
93,category_93
94,category_94
95,category_95
96,category_96
97,category_97
98,category_98
99,category_99
100,category_100
