1,product_1
2,product_2
3,product_3
4,product_4
5,product_5
6,product_6
7,product_7
8,product_8
9,product_9
10,product_10
11,product_11
12,product_12
13,product_13
14,product_14
15,product_15
16,product_16
17,product_17
18,product_18
19,product_19
20,product_20
21,product_21
22,product_22
23,product_23
24,product_24
25,product_25
26,product_26
27,product_27
28,product_28
29,product_29
30,product_30
31,product_31
32,product_32
33,product_33
34,product_34
35,product_35
36,product_36
37,product_37
38,product_38
39,product_39
40,product_40
41,product_41
42,product_42
43,product_43
44,product_44
45,product_45
46,product_46
47,product_47
48,product_48
49,product_49
50,product_50
51,product_51
52,product_52
53,product_53
54,product_54
55,product_55
56,product_56
57,product_57
58,product_58
59,product_59
60,product_60
61,product_61
62,product_62
63,product_63
64,product_64
65,product_65
66,product_66
67,product_67
68,product_68
69,product_69
70,product_70
71,product_71
72,product_72
73,product_73
74,product_74
75,product_75
76,product_76
77,product_77
78,product_78
79,product_79
80,product_80
81,product_81
82,product_82
83,product_83
84,product_84
85,product_85
86,product_86
87,product_87
88,product_88
89,product_89
90,product_90
91,product_91
92,product_92
93,product_93
94,product_94
95,product_95
96,product_96
97,product_97
98,product_98
99,product_99
100,product_100
